Pose,RSE,REW,LSE,LEW
Y,1.168301359,1.710973714,-1.471998208,-1.741036332
M,0.9422467101,-0.4776421879,-1.344572597,0.4901492733
C,-0.09850844272,0.5950092952,3.1698902,1.279599642
A,2.776534314,-1.871197509,-3.626574461,1.905002615